<Emitter>
  <Name>AwardRay8</Name>
  <SpawnMinActive>0,2 1,2 4,21</SpawnMinActive>
  <ParticleScale>.4 EaseIn 10,10 </ParticleScale>
  <ParticleDuration>1500</ParticleDuration>
  <Image>IMAGE_AWARDRAYS2</Image>
  <ParticleAlpha>.7 .9,50</ParticleAlpha>
  <RandomLaunchSpin>0</RandomLaunchSpin>
  <ParticleSpinSpeed>[-41 -70]</ParticleSpinSpeed>
  <Additive>1</Additive>
  <ParticleBrightness>.4</ParticleBrightness>
  <ParticleSpinAngle>270</ParticleSpinAngle>
</Emitter>
<Emitter>
  <Name>AwardRay7</Name>
  <SpawnMinActive>0,2 1,2 4,21</SpawnMinActive>
  <ParticleScale>.4 EaseIn 10,10 </ParticleScale>
  <ParticleDuration>1500</ParticleDuration>
  <Image>IMAGE_AWARDRAYS2</Image>
  <ParticleAlpha>.7 .9,50</ParticleAlpha>
  <RandomLaunchSpin>0</RandomLaunchSpin>
  <ParticleSpinSpeed>[-41 -70]</ParticleSpinSpeed>
  <Additive>1</Additive>
  <ParticleBrightness>.3</ParticleBrightness>
  <ParticleSpinAngle>90</ParticleSpinAngle>
</Emitter>
<Emitter>
  <Name>AwardRay6</Name>
  <SpawnMinActive>0,2 1,2 4,21</SpawnMinActive>
  <ParticleScale>.4 EaseIn 10,10 </ParticleScale>
  <ParticleDuration>1500</ParticleDuration>
  <Image>IMAGE_AWARDRAYS1</Image>
  <ParticleAlpha>.7 .9,50</ParticleAlpha>
  <RandomLaunchSpin>0</RandomLaunchSpin>
  <ParticleSpinSpeed>[-41 -70]</ParticleSpinSpeed>
  <Additive>1</Additive>
  <ParticleBrightness>.2</ParticleBrightness>
  <ParticleSpinAngle>180</ParticleSpinAngle>
</Emitter>
<Emitter>
  <Name>AwardRay5</Name>
  <SpawnMinActive>0,2 1,2 4,21</SpawnMinActive>
  <ParticleScale>.4 EaseIn 10,10 </ParticleScale>
  <ParticleDuration>1500</ParticleDuration>
  <Image>IMAGE_AWARDRAYS1</Image>
  <ParticleAlpha>.7 .9,50</ParticleAlpha>
  <RandomLaunchSpin>0</RandomLaunchSpin>
  <ParticleSpinSpeed>[-41 -70]</ParticleSpinSpeed>
  <Additive>1</Additive>
  <ParticleBrightness>.1</ParticleBrightness>
  <ParticleSpinAngle>0</ParticleSpinAngle>
</Emitter>
<Emitter>
  <Name>AwardRay4</Name>
  <SpawnMinActive>0,1 1,1 4,20</SpawnMinActive>
  <ParticleScale>.4 EaseIn 10,10 </ParticleScale>
  <ParticleDuration>1500</ParticleDuration>
  <Image>IMAGE_AWARDRAYS2</Image>
  <ParticleAlpha>.7 .9,50</ParticleAlpha>
  <RandomLaunchSpin>0</RandomLaunchSpin>
  <ParticleSpinSpeed>[-30 -60]</ParticleSpinSpeed>
  <Additive>1</Additive>
  <ParticleBrightness>.4</ParticleBrightness>
  <ParticleSpinAngle>270</ParticleSpinAngle>
</Emitter>
<Emitter>
  <Name>AwardRay3</Name>
  <SpawnMinActive>0,1 1,1 4,20</SpawnMinActive>
  <ParticleScale>.4 EaseIn 10,10 </ParticleScale>
  <ParticleDuration>1500</ParticleDuration>
  <Image>IMAGE_AWARDRAYS2</Image>
  <ParticleAlpha>.7 .9,50</ParticleAlpha>
  <RandomLaunchSpin>0</RandomLaunchSpin>
  <ParticleSpinSpeed>[-30 -60]</ParticleSpinSpeed>
  <Additive>1</Additive>
  <ParticleBrightness>.3</ParticleBrightness>
  <ParticleSpinAngle>90</ParticleSpinAngle>
</Emitter>
<Emitter>
  <Name>AwardRay2</Name>
  <SpawnMinActive>0,1 1,1 4,20</SpawnMinActive>
  <ParticleScale>.4 EaseIn 10,10 </ParticleScale>
  <ParticleDuration>1500</ParticleDuration>
  <Image>IMAGE_AWARDRAYS1</Image>
  <ParticleAlpha>.7 .9,50</ParticleAlpha>
  <RandomLaunchSpin>0</RandomLaunchSpin>
  <ParticleSpinSpeed>[-30 -60]</ParticleSpinSpeed>
  <Additive>1</Additive>
  <ParticleBrightness>.2</ParticleBrightness>
  <ParticleSpinAngle>180</ParticleSpinAngle>
</Emitter>
<Emitter>
  <Name>AwardRay1</Name>
  <SpawnMinActive>0,1 1,1 4,20</SpawnMinActive>
  <ParticleScale>.4 EaseIn 10,10 </ParticleScale>
  <ParticleDuration>1500</ParticleDuration>
  <Image>IMAGE_AWARDRAYS1</Image>
  <ParticleAlpha>.7 .9,50</ParticleAlpha>
  <RandomLaunchSpin>0</RandomLaunchSpin>
  <ParticleSpinSpeed>[-30 -60]</ParticleSpinSpeed>
  <Additive>1</Additive>
  <ParticleBrightness>.1</ParticleBrightness>
  <ParticleSpinAngle>0</ParticleSpinAngle>
</Emitter>
<Emitter>
  <Name>AwardGlow</Name>
  <SpawnMinActive>0,18 1,18</SpawnMinActive>
  <ParticleScale>.1 EaseIn 150,25</ParticleScale>
  <ParticleDuration>1500</ParticleDuration>
  <ParticleRed>1</ParticleRed>
  <ParticleGreen>1</ParticleGreen>
  <ParticleBlue>1</ParticleBlue>
  <Additive>1</Additive>
  <Image>IMAGE_AWARDGLOW</Image>
</Emitter>
<Emitter>
  <Name>AwardFlash4</Name>
  <SpawnMinActive>0,80 1,80</SpawnMinActive>
  <SpawnMaxLaunched>1</SpawnMaxLaunched>
  <ParticleScale>1 25</ParticleScale>
  <ParticleDuration>40</ParticleDuration>
  <SystemDuration>200</SystemDuration>
  <ParticleAlpha>.2,50 0</ParticleAlpha>
  <ParticleRed>1</ParticleRed>
  <ParticleGreen>1</ParticleGreen>
  <ParticleBlue>.8</ParticleBlue>
  <Image>IMAGE_AWARDGLOW</Image>
</Emitter>
<Emitter>
  <Name>AwardFlash3</Name>
  <SpawnMinActive>0,60 1,60</SpawnMinActive>
  <SpawnMaxLaunched>1</SpawnMaxLaunched>
  <ParticleScale>1 25</ParticleScale>
  <ParticleDuration>40</ParticleDuration>
  <SystemDuration>200</SystemDuration>
  <ParticleAlpha>.2,50 0</ParticleAlpha>
  <ParticleRed>1</ParticleRed>
  <ParticleGreen>1</ParticleGreen>
  <ParticleBlue>.8</ParticleBlue>  
  <Image>IMAGE_AWARDGLOW</Image>
</Emitter>
<Emitter>
  <Name>AwardFlash2</Name>
  <SpawnMinActive>0,40 1,40</SpawnMinActive>
  <SpawnMaxLaunched>1</SpawnMaxLaunched>
  <ParticleScale>1 25</ParticleScale>
  <ParticleDuration>40</ParticleDuration>
  <SystemDuration>200</SystemDuration>
  <ParticleAlpha>.2,50 0</ParticleAlpha>
  <ParticleRed>1</ParticleRed>
  <ParticleGreen>1</ParticleGreen>
  <ParticleBlue>.8</ParticleBlue>
  <Image>IMAGE_AWARDGLOW</Image>
</Emitter>
<Emitter>
  <Name>AwardFlash1</Name>
  <SpawnMinActive>1</SpawnMinActive>
  <SpawnMaxLaunched>1</SpawnMaxLaunched>
  <ParticleScale>1 25</ParticleScale>
  <ParticleDuration>30</ParticleDuration>
  <ParticleAlpha>.6,50 0</ParticleAlpha>
  <ParticleRed>1</ParticleRed>
  <ParticleGreen>1</ParticleGreen>
  <ParticleBlue>.5</ParticleBlue>  
  <Image>IMAGE_AWARDGLOW</Image>
  <Additive>1</Additive>
  <ParticleBrightness>.5</ParticleBrightness>
</Emitter>
