<Emitter>
  <Name>ZamboniSmallClouds</Name>
  <SpawnRate>150</SpawnRate>
  <SpawnMaxLaunched>14</SpawnMaxLaunched>
  <ParticleAlpha>1,70 0</ParticleAlpha>
  <ParticleRed>.55 .22 0</ParticleRed>
  <ParticleGreen>.3 0</ParticleGreen>
  <ParticleBlue>.2 0</ParticleBlue>
  <ParticleScale>.5,60 0</ParticleScale>
  <SystemAlpha>1,80 0</SystemAlpha>
  <EmitterRadius>[10 50]</EmitterRadius>
  <LaunchSpeed>[2000 2500]</LaunchSpeed>
  <ParticleDuration>[40 60]</ParticleDuration>
  <SystemDuration>200</SystemDuration>
  <Image>IMAGE_EXPLOSIONCLOUD</Image>
  <Field>
    <FieldType>Friction</FieldType>
    <X>0.15,40 1</X>
    <Y>0.18,40 1</Y>
  </Field>
  <RandomLaunchSpin>1</RandomLaunchSpin>
  <ParticleSpinSpeed>[-200 200]</ParticleSpinSpeed>
</Emitter>
<Emitter>
  <Name>Manhole</Name>
	<SpawnMinActive>0 1,10</SpawnMinActive>
  <EmitterType>Box</EmitterType>
  <EmitterBoxX>[-35 35]</EmitterBoxX>
  <EmitterBoxY>30</EmitterBoxY>	
	<ParticleDuration>80</ParticleDuration>
	<SystemAlpha>1,90 0,100</SystemAlpha>
	<ParticleScale>.8</ParticleScale>
	<Image>IMAGE_REANIM_ZOMBIE_CATAPULT_MANHOLE</Image>
	<LaunchAngle>[130 200]</LaunchAngle>
	<LaunchSpeed>600.0</LaunchSpeed>
	<Field>
	  <FieldType>Acceleration</FieldType>
	  <Y>13.0</Y>
	</Field>
	<RandomLaunchSpin>0</RandomLaunchSpin>
	<ParticleSpinSpeed>[-720 720] 0</ParticleSpinSpeed>
</Emitter>
<Emitter>
  <Name>Parts</Name>
	<SpawnMinActive>0 6,10</SpawnMinActive>
  <EmitterType>Box</EmitterType>
  <EmitterBoxX>[-35 35]</EmitterBoxX>
  <EmitterBoxY>30</EmitterBoxY>	
	<ParticleDuration>80</ParticleDuration>
	<SystemAlpha>1,90 0,100</SystemAlpha>
	<ParticleScale>[.4 .6]</ParticleScale>
	<Image>IMAGE_ZOMBOSS_PARTICLES</Image>
  <ImageFrames>5</ImageFrames>
	<LaunchAngle>[130 200]</LaunchAngle>
	<LaunchSpeed>600.0</LaunchSpeed>
	<Field>
	  <FieldType>Acceleration</FieldType>
	  <Y>13.0</Y>
	</Field>
	<RandomLaunchSpin>0</RandomLaunchSpin>
	<ParticleSpinSpeed>[-720 720] 0</ParticleSpinSpeed>
</Emitter>
<Emitter>
  <Name>Pole</Name>
	<SpawnMinActive>1</SpawnMinActive>
	<ParticleDuration>80</ParticleDuration>
	<SystemAlpha>1,90 0,100</SystemAlpha>
	<ParticleScale>.8</ParticleScale>
	<Image>IMAGE_REANIM_ZOMBIE_CATAPULT_POLE_DAMAGE</Image>
	<LaunchAngle>[130 200]</LaunchAngle>
	<LaunchSpeed>[550 650]</LaunchSpeed>
	<Field>
	  <FieldType>Acceleration</FieldType>
	  <Y>13.0</Y>
	</Field>
	<RandomLaunchSpin>0</RandomLaunchSpin>
	<ParticleSpinSpeed>[-720 720] 0</ParticleSpinSpeed>
</Emitter>
<Emitter>
  <Name>Backetballs</Name>
	<SpawnMinActive>0 3,30</SpawnMinActive>
	<ParticleDuration>80</ParticleDuration>
	<SystemAlpha>1,90 0,100</SystemAlpha>
	<ParticleScale>.8</ParticleScale>
	<Image>IMAGE_REANIM_ZOMBIE_CATAPULT_BASKETBALL</Image>
	<LaunchAngle>[130 200]</LaunchAngle>
	<LaunchSpeed>500.0</LaunchSpeed>
	<Field>
	  <FieldType>Acceleration</FieldType>
	  <Y>11.0</Y>
	</Field>
	<RandomLaunchSpin>0</RandomLaunchSpin>
	<ParticleSpinSpeed>[-720 720] 0</ParticleSpinSpeed>
</Emitter>
<Emitter>
  <Name>ZamboniBigClouds</Name>
  <SpawnRate>150</SpawnRate>
  <SpawnMaxLaunched>14</SpawnMaxLaunched>
  <ParticleAlpha>1,70 0</ParticleAlpha>
  <ParticleRed>.55 .22 0</ParticleRed>
  <ParticleGreen>.3 0</ParticleGreen>
  <ParticleBlue>.2 0</ParticleBlue>
  <ParticleScale>[1.2 1.6],60 0</ParticleScale>
  <SystemAlpha>1,80 0</SystemAlpha>
  <EmitterRadius>[10 50]</EmitterRadius>
  <LaunchSpeed>[500 1200]</LaunchSpeed>
  <ParticleDuration>[40 60]</ParticleDuration>
  <SystemDuration>200</SystemDuration>
  <Image>IMAGE_EXPLOSIONCLOUD</Image>
  <Field>
    <FieldType>Friction</FieldType>
    <X>0.12,40 1</X>
    <Y>0.18,40 1</Y>
  </Field>
  <RandomLaunchSpin>1</RandomLaunchSpin>
  <ParticleSpinSpeed>[-200 200]</ParticleSpinSpeed>
</Emitter>
