<Emitter>
<SpawnMinActive>20</SpawnMinActive>
<SystemAlpha>1,85 0</SystemAlpha>
<ParticleScale>[2 3]</ParticleScale>
<EmitterRadius>50</EmitterRadius>
<EmitterType>CircleEvenSpacing</EmitterType>
<LaunchSpeed>[100 110]</LaunchSpeed>
<LaunchAngle>[-5 5]</LaunchAngle>
<ParticleDuration>220</ParticleDuration>
<SystemDuration>220</SystemDuration>
<Image>IMAGE_PROJECTILE</Image>
<ImageFrames>1</ImageFrames>
<ImageRow>8</ImageRow>
<RandomLaunchSpin>1</RandomLaunchSpin>
<ParticleSpinSpeed>[-20 20]</ParticleSpinSpeed>
<Field>
  <FieldType>Circle</FieldType>
  <Y>[-.8 -1.2]</Y>
</Field>

  </Emitter>
