<Emitter>
  <SpawnRate>15</SpawnRate>
  <ParticleAlpha>0 .7,20 [.4 .7],70 0</ParticleAlpha>
  <ParticleScale>.2,0 [.3 .4],40 [.35 .45]</ParticleScale>
  <EmitterType>Circle</EmitterType>
  <EmitterRadius>[0 10]</EmitterRadius>
  <LaunchSpeed>[10]</LaunchSpeed>
  <ParticleDuration>100</ParticleDuration>
  <SystemDuration>100</SystemDuration>
  <Image>IMAGE_FOG</Image>
  <ImageFrames>8</ImageFrames>
  <SystemLoops>1</SystemLoops>
  <Field>
    <FieldType>Position</FieldType>
    <Y>0 EaseOut [140 150]</Y>
    <X>0 [20 100] [-20 200]</X>
  </Field>
  <RandomLaunchSpin>1</RandomLaunchSpin>
  <ParticleSpinSpeed>[-100 100]</ParticleSpinSpeed>
</Emitter>
