<Emitter>
  <Name>Daisy</Name>
  <DieIfOverloaded>1</DieIfOverloaded>
	<SpawnRate>10</SpawnRate>
	<SpawnMaxLaunched>[6 10]</SpawnMaxLaunched>
	<ParticleAlpha>0 1,.4 1,99.5 0</ParticleAlpha>
	<ParticleScale>0 [.6 1.2],.5</ParticleScale>
	<EmitterType>Box</EmitterType>
  <EmitterBoxX>[-40 40]</EmitterBoxX>
  <EmitterBoxY>[-10 10]</EmitterBoxY>  
	<ParticleDuration>18000</ParticleDuration>
	<SystemDuration>18500</SystemDuration>
	<Image>IMAGE_DAISY</Image>
	<Field>
	  <FieldType>Position</FieldType>
	  <Y>0 -10,.5</Y>
	</Field>
</Emitter>
