<Emitter>
  <Name>Fireball_Trail_ground</Name>
  <SpawnMinActive>1</SpawnMinActive>
  <SpawnMaxLaunched>1</SpawnMaxLaunched>
  <ParticleDuration>[500 600]</ParticleDuration>
  <Image>IMAGE_ZOMBIE_BOSS_FIREBALL_GROUNDPARTICLES</Image>
  <ImageFrames>4</ImageFrames>
  <ParticleAlpha>0 1,5 1,95 0</ParticleAlpha>
  <ParticleScale>.1 [.5 1.1],20</ParticleScale>
</Emitter>
<Emitter>
  <Name>Fireball_Trail_embers</Name>
	<SpawnRate>15,80 0</SpawnRate>
	<ParticleDuration>[10 40]</ParticleDuration>
	<SystemDuration>400</SystemDuration>
	<ParticleAlpha>1,80 0</ParticleAlpha>
	<SystemAlpha>1,80 0</SystemAlpha>
	<ParticleScale>[.2 0.7]</ParticleScale>
	<EmitterType>Circle</EmitterType>
	<EmitterRadius>[0 30]</EmitterRadius>
	<LaunchSpeed>[15 60] [10 30]</LaunchSpeed>
  <LaunchAngle>[120 240]</LaunchAngle>
	<Image>IMAGE_ZOMBIE_BOSS_FIREBALL_ADDITIVEPARTICLE</Image>
  <Additive>1</Additive>
  <Field>
    <FieldType>Velocity</FieldType>
    <X>[-50 50] 0</X>
  </Field>
</Emitter>
