<Emitter>
  <SpawnRate>20</SpawnRate>
  <ParticleAlpha>1,70 0</ParticleAlpha>
  <SystemAlpha>1,92 0</SystemAlpha>
  <ParticleScale>[.3 .8]</ParticleScale>
  <EmitterType>Box</EmitterType>
  <EmitterBoxX>[-25 25]</EmitterBoxX>
  <EmitterBoxY>[-10 -18]</EmitterBoxY>
  <ParticleDuration>[40 50]</ParticleDuration>
  <SystemDuration>400</SystemDuration>
  <Image>IMAGE_ROCKSMALL</Image>
  <ImageRow>0</ImageRow>
  <ImageFrames>8</ImageFrames>
  <LaunchSpeed>[100 200]</LaunchSpeed>
  <LaunchAngle>[140 220]</LaunchAngle>
  <RandomLaunchSpin>1</RandomLaunchSpin>
  <ParticleSpinSpeed>[-720 720]</ParticleSpinSpeed>
  <Field>
    <FieldType>Friction</FieldType>
    <X>0.02</X>
    <Y>0.02</Y>
  </Field>
  <Field>
    <FieldType>Acceleration</FieldType>
    <Y>5.0</Y>
  </Field>
  <SystemField>
    <FieldType>SystemPosition</FieldType>
    <Y>0 30</Y>
  </SystemField>
</Emitter>
