<Emitter>
  <SpawnMinActive>20,0 0,5</SpawnMinActive>
  <ParticleAlpha>1,70 0</ParticleAlpha>
  <SystemAlpha>1,92 0</SystemAlpha>
  <ParticleScale>[.7 .9]</ParticleScale>
  <EmitterType>Box</EmitterType>
  <EmitterBoxX>[-35 35]</EmitterBoxX>
  <EmitterBoxY>-14</EmitterBoxY>
  <LaunchSpeed>[50 400]</LaunchSpeed>
  <ParticleDuration>[30 40]</ParticleDuration>
  <SystemDuration>500</SystemDuration>
  <Image>IMAGE_DIRTSMALL</Image>
  <ImageRow>1</ImageRow>
  <ImageFrames>8</ImageFrames>
  <LaunchAngle>[140 220]</LaunchAngle>
  <RandomLaunchSpin>1</RandomLaunchSpin>
  <ParticleSpinSpeed>[-720 720]</ParticleSpinSpeed>
  <Field>
    <FieldType>Friction</FieldType>
    <X>0.015</X>
    <Y>0.015</Y>
  </Field>
  <Field>
    <FieldType>Acceleration</FieldType>
    <Y>5.0</Y>
  </Field>
</Emitter>
