<Emitter>
	<SpawnMinActive>80</SpawnMinActive>
	<ParticleAlpha>1 [.6 .9],80 0</ParticleAlpha>
	<ParticleScale>.3,0 [.4 1.5],10 [.6 2],70 0,100</ParticleScale>
	<EmitterType>Circle</EmitterType>
	<EmitterRadius>[0 100]</EmitterRadius>
	<LaunchSpeed>[200]</LaunchSpeed>
	<ParticleDuration>40</ParticleDuration>
	<SystemDuration>40</SystemDuration>
	<Image>IMAGE_SNOWFLAKES</Image>
	<ImageFrames>3</ImageFrames>
	<Field>
	  <FieldType>Acceleration</FieldType>
	  <Y>5</Y>
	</Field>
	<Field>
	  <FieldType>Position</FieldType>
	  <X>0</X>
	</Field>
	<RandomLaunchSpin>1</RandomLaunchSpin>
	<ParticleSpinSpeed>[-600 600]</ParticleSpinSpeed>
</Emitter>
