<Emitter>
  <Name>Planting</Name>
  <SpawnMinActive>8</SpawnMinActive>
  <SystemAlpha>1,85 0</SystemAlpha>
  <ParticleScale>[.7 .9]</ParticleScale>
  <EmitterRadius>[0 10]</EmitterRadius>
  <LaunchSpeed>[300 500]</LaunchSpeed>
  <ParticleDuration>30</ParticleDuration>
  <SystemDuration>30</SystemDuration>
  <Image>IMAGE_DIRTSMALL</Image>
  <ImageRow>0</ImageRow>
  <ImageFrames>8</ImageFrames>
  <LaunchAngle>[110 250]</LaunchAngle>
  <RandomLaunchSpin>1</RandomLaunchSpin>
  <ParticleSpinSpeed>[-520 520]</ParticleSpinSpeed>
  <Field>
    <FieldType>Friction</FieldType>
    <X>0.08</X>
    <Y>0.08</Y>
  </Field>
  <Field>
    <FieldType>Acceleration</FieldType>
    <Y>8.0</Y>
  </Field>
</Emitter>
