<Emitter>
  <Name>PoolSplash</Name>
  <DieIfOverloaded>1</DieIfOverloaded>
  <SpawnMinActive>1,49 0,50</SpawnMinActive>
  <ParticleAlpha>1,95 0</ParticleAlpha>
  <ParticleDuration>50</ParticleDuration>
  <SystemDuration>60</SystemDuration>
  <Image>IMAGE_WATERPARTICLE</Image>
  <ImageFrames>1</ImageFrames>
  <EmitterOffsetX>0</EmitterOffsetX>
  <EmitterOffsetY>0</EmitterOffsetY>
  <ImageRow>1</ImageRow>
  <ImageCol>1</ImageCol>
  <ParticleStretch>.1 .8 .5</ParticleStretch>
  <ParticleScale>1.5</ParticleScale>
  <Field>
    <FieldType>Position</FieldType>
    <Y>6 -20 -5</Y>
  </Field>
</Emitter>
