<Emitter>
  <SpawnRate>50,70 0,90 </SpawnRate>
  <SpawnMaxActive>0,0 10,40 100,50 0,70</SpawnMaxActive>
  <ParticleAlpha>1,70 0</ParticleAlpha>
  <SystemAlpha>1,92 0</SystemAlpha>
  <ParticleScale>[.7 .9]</ParticleScale>
  <EmitterType>Box</EmitterType>
  <EmitterBoxX>[-40 40]</EmitterBoxX>
  <EmitterBoxY>[-25 25]</EmitterBoxY>
  <LaunchSpeed>[100 200] [100 200] [100 200]</LaunchSpeed>
  <ParticleDuration>[30 40]</ParticleDuration>
  <SystemDuration>120</SystemDuration>
  <Image>IMAGE_DIRTSMALL</Image>
  <ImageRow>0</ImageRow>
  <ImageFrames>8</ImageFrames>
  <LaunchAngle>[150 210]</LaunchAngle>
  <RandomLaunchSpin>1</RandomLaunchSpin>
  <ParticleSpinSpeed>[-1720 1720]</ParticleSpinSpeed>
  <Field>
    <FieldType>Friction</FieldType>
    <X>0.02</X>
    <Y>0.02</Y>
  </Field>
  <Field>
    <FieldType>Acceleration</FieldType>
    <Y>5.0</Y>
  </Field>
</Emitter>
