<Emitter>
  <SpawnRate>200 100</SpawnRate>
  <ParticleAlpha>1,70 0</ParticleAlpha>
  <SystemAlpha>1,80 0</SystemAlpha>
  <ParticleScale>[.7 .9]</ParticleScale>
  <EmitterType>Box</EmitterType>
  <EmitterBoxX>[0 25] [0 1]</EmitterBoxX>
  <EmitterBoxY>[-130 0] [-100 0]</EmitterBoxY>
  <LaunchSpeed>100.0</LaunchSpeed>
  <ParticleDuration>[10 25]</ParticleDuration>
  <SystemDuration>200</SystemDuration>
  <Image>IMAGE_DIRTSMALL</Image>
  <ImageRow>0</ImageRow>
  <ImageFrames>8</ImageFrames>
  <LaunchAngle>[90 180]</LaunchAngle>
  <Field>
    <FieldType>Friction</FieldType>
    <X>0.05</X>
    <Y>0.05</Y>
  </Field>
  <Field>
    <FieldType>Acceleration</FieldType>
    <Y>10.0</Y>
  </Field>
  <SystemField>
    <FieldType>SystemPosition</FieldType>
    <X>0 740</X>
    <Y>30 0</Y>
  </SystemField>
  <RandomLaunchSpin>1</RandomLaunchSpin>
  <ParticleSpinSpeed>[-1720 1720]</ParticleSpinSpeed>
</Emitter>
