<Emitter>
<SpawnMinActive>6</SpawnMinActive>
<SpawnMaxLaunched>6</SpawnMaxLaunched>
<ParticleAlpha>1,40 0</ParticleAlpha>
<ParticleRed>1</ParticleRed>
<ParticleGreen>.9</ParticleGreen>
<ParticleBlue>0</ParticleBlue>
<ParticleScale>[.2 .4]</ParticleScale>
<SystemAlpha>1,80 0</SystemAlpha>
<EmitterRadius>[10 50]</EmitterRadius>
<LaunchSpeed>[100 100]</LaunchSpeed>
<ParticleDuration>[20 20]</ParticleDuration>
<SystemDuration>200</SystemDuration>
<Image>IMAGE_STAR40</Image>
<Field>
  <FieldType>Friction</FieldType>
  <X>0.0,40 0</X>
  <Y>0.0,40 0</Y>
</Field>
<Field>
  <FieldType>Acceleration</FieldType>
  <Y>0</Y>
</Field>
<RandomLaunchSpin>1</RandomLaunchSpin>
<ParticleSpinSpeed>[-1400 1400]</ParticleSpinSpeed>
  </Emitter>
