<Emitter>
<SpawnRate>40 0</SpawnRate>
<SpawnMaxLaunched>3</SpawnMaxLaunched>
<ParticleAlpha>1,80 0</ParticleAlpha>
<ParticleScale>[.9 1.1]</ParticleScale>
<SystemAlpha>1,80 0</SystemAlpha>
<EmitterType>Circle</EmitterType>
<EmitterRadius>[0 10]</EmitterRadius>
<LaunchSpeed>[100 120]</LaunchSpeed>
<LaunchAngle>[180 210]</LaunchAngle>
<ParticleDuration>[30 60]</ParticleDuration>
<SystemDuration>200</SystemDuration>
<Image>IMAGE_WALLNUTPARTICLESSMALL</Image>
<ImageFrames>5</ImageFrames>
<Field>
  <FieldType>Acceleration</FieldType>
  <Y>8</Y>
</Field>
<Field>
  <FieldType>Position</FieldType>
  <X>0 [-40 10]</X>
</Field>
<RandomLaunchSpin>1</RandomLaunchSpin>
<ParticleSpinSpeed>[-1400 1400]</ParticleSpinSpeed>
</Emitter>
