<Emitter>
	<SpawnMinActive>1</SpawnMinActive>
	<SystemDuration>50</SystemDuration>
	<SystemAlpha>1,80 0,100</SystemAlpha>
	<ParticleScale>.8</ParticleScale>
	<Image>IMAGE_REANIM_ZOMBIE_FLAG3</Image>
	<LaunchSpeed>200.0</LaunchSpeed>
	<LaunchAngle>[120 160]</LaunchAngle>
	<Field>
	  <FieldType>Acceleration</FieldType>
	  <Y>17.0</Y>
	</Field>
	<Field>
	  <FieldType>GroundConstraint</FieldType>
	  <Y>90.0</Y>
	</Field>
	<Field>
	  <FieldType>Velocity</FieldType>
	  <X>100</X>
	</Field>
	<RandomLaunchSpin>0</RandomLaunchSpin>
	<ParticleSpinAngle>30</ParticleSpinAngle>
	<ParticleSpinSpeed>[-200 -600] [-100 -300]</ParticleSpinSpeed>
	<CollisionReflect>.3</CollisionReflect>
	<CollisionSpin>[-3 -6]</CollisionSpin>
</Emitter>
