<Emitter>
<SpawnMinActive>1</SpawnMinActive>
<LaunchSpeed>200.0</LaunchSpeed>
<SystemDuration>40</SystemDuration>
<SystemAlpha>1,60 0,100</SystemAlpha>
<ParticleScale>.8</ParticleScale>
<Image>IMAGE_REANIM_ZOMBIE_SCREENDOOR3</Image>
<LaunchAngle>[120 180]</LaunchAngle>
<Field>
  <FieldType>Acceleration</FieldType>
  <Y>17.0</Y>
</Field>
<Field>
  <FieldType>GroundConstraint</FieldType>
  <Y>30.0</Y>
</Field>
<RandomLaunchSpin>0</RandomLaunchSpin>
<ParticleSpinSpeed>[-200 -400] 0,40</ParticleSpinSpeed>
<CollisionReflect>.3</CollisionReflect>
<CollisionSpin>[-3 -6]</CollisionSpin>

  </Emitter>
